-- IntelliMaintain Pro seed export
-- Generated from scripts/export-seed-sql.ts

truncate table public.telemetry_points, public.work_orders, public.alerts, public.inventory_items, public.equipment_documents, public.sensor_configurations, public.equipment, public.profiles, public.facilities restart identity cascade;

insert into public.facilities (id, name, region, timezone, lines, uptime_target, site_lead) values ('fac-austin', 'Austin Assembly', 'North America', 'UTC-5', 4, 98.1, 'Camila Ruiz');
insert into public.facilities (id, name, region, timezone, lines, uptime_target, site_lead) values ('fac-pune', 'Pune Packaging', 'APAC', 'UTC+5:30', 6, 97.4, 'Maya Patel');
insert into public.facilities (id, name, region, timezone, lines, uptime_target, site_lead) values ('fac-monterrey', 'Monterrey Metals', 'LATAM', 'UTC-6', 5, 96.8, 'Diego Lara');
insert into public.equipment (id, name, facility_id, type, model, line, criticality, install_date, last_maintenance_at, baseline_oee, baseline_power_kw, sensors) values ('eq-101', 'Servo Press 01', 'fac-austin', 'Press', 'APX-440', 'Line A', 'Tier 1', '2021-04-11', '2026-02-18', 92, 44, '["Vibration","Temperature","Acoustic","Pressure"]'::jsonb);
insert into public.equipment (id, name, facility_id, type, model, line, criticality, install_date, last_maintenance_at, baseline_oee, baseline_power_kw, sensors) values ('eq-102', 'Robotic Arm 12', 'fac-austin', 'Robot', 'KX-9', 'Line B', 'Tier 2', '2022-07-02', '2026-03-03', 95, 27, '["Vibration","Temperature","Acoustic"]'::jsonb);
insert into public.equipment (id, name, facility_id, type, model, line, criticality, install_date, last_maintenance_at, baseline_oee, baseline_power_kw, sensors) values ('eq-103', 'Heat Tunnel 07', 'fac-pune', 'Thermal', 'ThermX-80', 'Pouch Line', 'Tier 1', '2020-11-22', '2026-02-24', 89, 61, '["Temperature","Acoustic","Pressure"]'::jsonb);
insert into public.equipment (id, name, facility_id, type, model, line, criticality, install_date, last_maintenance_at, baseline_oee, baseline_power_kw, sensors) values ('eq-104', 'Cartoner 21', 'fac-pune', 'Packaging', 'CartonPro 6', 'Carton Line', 'Tier 2', '2023-01-14', '2026-03-08', 94, 32, '["Vibration","Temperature"]'::jsonb);
insert into public.equipment (id, name, facility_id, type, model, line, criticality, install_date, last_maintenance_at, baseline_oee, baseline_power_kw, sensors) values ('eq-105', 'Conveyor Spine 03', 'fac-pune', 'Conveyor', 'FlowRail M', 'Dispatch', 'Tier 3', '2024-02-01', '2026-03-10', 97, 18, '["Vibration","Temperature","Acoustic"]'::jsonb);
insert into public.equipment (id, name, facility_id, type, model, line, criticality, install_date, last_maintenance_at, baseline_oee, baseline_power_kw, sensors) values ('eq-106', 'CNC Mill 04', 'fac-monterrey', 'Machining', 'MX-500', 'Metalworks', 'Tier 1', '2021-08-19', '2026-02-11', 91, 53, '["Vibration","Temperature","Acoustic","Pressure"]'::jsonb);
insert into public.equipment (id, name, facility_id, type, model, line, criticality, install_date, last_maintenance_at, baseline_oee, baseline_power_kw, sensors) values ('eq-107', 'Compressor Bank B', 'fac-monterrey', 'Utility', 'AirCore 16', 'Utilities', 'Tier 1', '2019-09-09', '2026-01-29', 88, 72, '["Vibration","Temperature","Pressure"]'::jsonb);
insert into public.equipment (id, name, facility_id, type, model, line, criticality, install_date, last_maintenance_at, baseline_oee, baseline_power_kw, sensors) values ('eq-108', 'Laser Cutter 02', 'fac-monterrey', 'Cutting', 'LZR-H7', 'Fabrication', 'Tier 2', '2022-03-30', '2026-03-01', 93, 47, '["Temperature","Acoustic"]'::jsonb);
insert into public.equipment (id, name, facility_id, type, model, line, criticality, install_date, last_maintenance_at, baseline_oee, baseline_power_kw, sensors) values ('eq-109', 'Vision Sorter 09', 'fac-austin', 'Inspection', 'OptiSort V3', 'Quality', 'Tier 2', '2023-05-16', '2026-02-28', 96, 23, '["Temperature","Acoustic"]'::jsonb);
insert into public.telemetry_points (equipment_id, timestamp, vibration, temperature, acoustic, pressure, runtime_hours) values ('eq-101', '2026-03-13T00:00:00Z', 3.2, 72, 48, 112, 120);
insert into public.telemetry_points (equipment_id, timestamp, vibration, temperature, acoustic, pressure, runtime_hours) values ('eq-101', '2026-03-13T04:00:00Z', 3.3, 73, 49, 111, 124);
insert into public.telemetry_points (equipment_id, timestamp, vibration, temperature, acoustic, pressure, runtime_hours) values ('eq-101', '2026-03-13T08:00:00Z', 3.5, 73, 49, 111, 128);
insert into public.telemetry_points (equipment_id, timestamp, vibration, temperature, acoustic, pressure, runtime_hours) values ('eq-101', '2026-03-13T12:00:00Z', 3.7, 74, 51, 110, 132);
insert into public.telemetry_points (equipment_id, timestamp, vibration, temperature, acoustic, pressure, runtime_hours) values ('eq-101', '2026-03-13T16:00:00Z', 4.1, 76, 53, 108, 136);
insert into public.telemetry_points (equipment_id, timestamp, vibration, temperature, acoustic, pressure, runtime_hours) values ('eq-101', '2026-03-13T20:00:00Z', 4.4, 78, 56, 107, 140);
insert into public.telemetry_points (equipment_id, timestamp, vibration, temperature, acoustic, pressure, runtime_hours) values ('eq-101', '2026-03-14T00:00:00Z', 4.9, 80, 59, 105, 144);
insert into public.telemetry_points (equipment_id, timestamp, vibration, temperature, acoustic, pressure, runtime_hours) values ('eq-101', '2026-03-14T04:00:00Z', 5.4, 84, 63, 104, 148);
insert into public.telemetry_points (equipment_id, timestamp, vibration, temperature, acoustic, pressure, runtime_hours) values ('eq-102', '2026-03-13T00:00:00Z', 1.8, 59, 37, 0, 240);
insert into public.telemetry_points (equipment_id, timestamp, vibration, temperature, acoustic, pressure, runtime_hours) values ('eq-102', '2026-03-13T04:00:00Z', 1.9, 60, 38, 0, 244);
insert into public.telemetry_points (equipment_id, timestamp, vibration, temperature, acoustic, pressure, runtime_hours) values ('eq-102', '2026-03-13T08:00:00Z', 2, 60, 38, 0, 248);
insert into public.telemetry_points (equipment_id, timestamp, vibration, temperature, acoustic, pressure, runtime_hours) values ('eq-102', '2026-03-13T12:00:00Z', 1.9, 61, 39, 0, 252);
insert into public.telemetry_points (equipment_id, timestamp, vibration, temperature, acoustic, pressure, runtime_hours) values ('eq-102', '2026-03-13T16:00:00Z', 2, 61, 39, 0, 256);
insert into public.telemetry_points (equipment_id, timestamp, vibration, temperature, acoustic, pressure, runtime_hours) values ('eq-102', '2026-03-13T20:00:00Z', 2.1, 61, 40, 0, 260);
insert into public.telemetry_points (equipment_id, timestamp, vibration, temperature, acoustic, pressure, runtime_hours) values ('eq-102', '2026-03-14T00:00:00Z', 2.1, 62, 40, 0, 264);
insert into public.telemetry_points (equipment_id, timestamp, vibration, temperature, acoustic, pressure, runtime_hours) values ('eq-102', '2026-03-14T04:00:00Z', 2.2, 62, 41, 0, 268);
insert into public.telemetry_points (equipment_id, timestamp, vibration, temperature, acoustic, pressure, runtime_hours) values ('eq-103', '2026-03-13T00:00:00Z', 2.4, 88, 43, 124, 360);
insert into public.telemetry_points (equipment_id, timestamp, vibration, temperature, acoustic, pressure, runtime_hours) values ('eq-103', '2026-03-13T04:00:00Z', 2.5, 89, 44, 124, 364);
insert into public.telemetry_points (equipment_id, timestamp, vibration, temperature, acoustic, pressure, runtime_hours) values ('eq-103', '2026-03-13T08:00:00Z', 2.7, 91, 44, 123, 368);
insert into public.telemetry_points (equipment_id, timestamp, vibration, temperature, acoustic, pressure, runtime_hours) values ('eq-103', '2026-03-13T12:00:00Z', 2.9, 93, 45, 122, 372);
insert into public.telemetry_points (equipment_id, timestamp, vibration, temperature, acoustic, pressure, runtime_hours) values ('eq-103', '2026-03-13T16:00:00Z', 3.1, 95, 47, 121, 376);
insert into public.telemetry_points (equipment_id, timestamp, vibration, temperature, acoustic, pressure, runtime_hours) values ('eq-103', '2026-03-13T20:00:00Z', 3.2, 97, 49, 120, 380);
insert into public.telemetry_points (equipment_id, timestamp, vibration, temperature, acoustic, pressure, runtime_hours) values ('eq-103', '2026-03-14T00:00:00Z', 3.4, 99, 51, 118, 384);
insert into public.telemetry_points (equipment_id, timestamp, vibration, temperature, acoustic, pressure, runtime_hours) values ('eq-103', '2026-03-14T04:00:00Z', 3.7, 103, 54, 117, 388);
insert into public.telemetry_points (equipment_id, timestamp, vibration, temperature, acoustic, pressure, runtime_hours) values ('eq-104', '2026-03-13T00:00:00Z', 2, 64, 0, 0, 180);
insert into public.telemetry_points (equipment_id, timestamp, vibration, temperature, acoustic, pressure, runtime_hours) values ('eq-104', '2026-03-13T04:00:00Z', 2, 64, 0, 0, 184);
insert into public.telemetry_points (equipment_id, timestamp, vibration, temperature, acoustic, pressure, runtime_hours) values ('eq-104', '2026-03-13T08:00:00Z', 2.1, 65, 0, 0, 188);
insert into public.telemetry_points (equipment_id, timestamp, vibration, temperature, acoustic, pressure, runtime_hours) values ('eq-104', '2026-03-13T12:00:00Z', 2.3, 66, 0, 0, 192);
insert into public.telemetry_points (equipment_id, timestamp, vibration, temperature, acoustic, pressure, runtime_hours) values ('eq-104', '2026-03-13T16:00:00Z', 2.4, 67, 0, 0, 196);
insert into public.telemetry_points (equipment_id, timestamp, vibration, temperature, acoustic, pressure, runtime_hours) values ('eq-104', '2026-03-13T20:00:00Z', 2.6, 68, 0, 0, 200);
insert into public.telemetry_points (equipment_id, timestamp, vibration, temperature, acoustic, pressure, runtime_hours) values ('eq-104', '2026-03-14T00:00:00Z', 2.7, 69, 0, 0, 204);
insert into public.telemetry_points (equipment_id, timestamp, vibration, temperature, acoustic, pressure, runtime_hours) values ('eq-104', '2026-03-14T04:00:00Z', 2.9, 70, 0, 0, 208);
insert into public.telemetry_points (equipment_id, timestamp, vibration, temperature, acoustic, pressure, runtime_hours) values ('eq-105', '2026-03-13T00:00:00Z', 1.2, 49, 28, 0, 96);
insert into public.telemetry_points (equipment_id, timestamp, vibration, temperature, acoustic, pressure, runtime_hours) values ('eq-105', '2026-03-13T04:00:00Z', 1.2, 49, 28, 0, 100);
insert into public.telemetry_points (equipment_id, timestamp, vibration, temperature, acoustic, pressure, runtime_hours) values ('eq-105', '2026-03-13T08:00:00Z', 1.3, 50, 29, 0, 104);
insert into public.telemetry_points (equipment_id, timestamp, vibration, temperature, acoustic, pressure, runtime_hours) values ('eq-105', '2026-03-13T12:00:00Z', 1.3, 50, 29, 0, 108);
insert into public.telemetry_points (equipment_id, timestamp, vibration, temperature, acoustic, pressure, runtime_hours) values ('eq-105', '2026-03-13T16:00:00Z', 1.4, 50, 29, 0, 112);
insert into public.telemetry_points (equipment_id, timestamp, vibration, temperature, acoustic, pressure, runtime_hours) values ('eq-105', '2026-03-13T20:00:00Z', 1.4, 51, 29, 0, 116);
insert into public.telemetry_points (equipment_id, timestamp, vibration, temperature, acoustic, pressure, runtime_hours) values ('eq-105', '2026-03-14T00:00:00Z', 1.4, 51, 30, 0, 120);
insert into public.telemetry_points (equipment_id, timestamp, vibration, temperature, acoustic, pressure, runtime_hours) values ('eq-105', '2026-03-14T04:00:00Z', 1.5, 51, 30, 0, 124);
insert into public.telemetry_points (equipment_id, timestamp, vibration, temperature, acoustic, pressure, runtime_hours) values ('eq-106', '2026-03-13T00:00:00Z', 2.9, 69, 42, 116, 280);
insert into public.telemetry_points (equipment_id, timestamp, vibration, temperature, acoustic, pressure, runtime_hours) values ('eq-106', '2026-03-13T04:00:00Z', 3.1, 70, 43, 115, 284);
insert into public.telemetry_points (equipment_id, timestamp, vibration, temperature, acoustic, pressure, runtime_hours) values ('eq-106', '2026-03-13T08:00:00Z', 3.4, 72, 44, 114, 288);
insert into public.telemetry_points (equipment_id, timestamp, vibration, temperature, acoustic, pressure, runtime_hours) values ('eq-106', '2026-03-13T12:00:00Z', 3.8, 74, 46, 114, 292);
insert into public.telemetry_points (equipment_id, timestamp, vibration, temperature, acoustic, pressure, runtime_hours) values ('eq-106', '2026-03-13T16:00:00Z', 4.1, 75, 48, 113, 296);
insert into public.telemetry_points (equipment_id, timestamp, vibration, temperature, acoustic, pressure, runtime_hours) values ('eq-106', '2026-03-13T20:00:00Z', 4.4, 77, 49, 112, 300);
insert into public.telemetry_points (equipment_id, timestamp, vibration, temperature, acoustic, pressure, runtime_hours) values ('eq-106', '2026-03-14T00:00:00Z', 4.6, 79, 52, 111, 304);
insert into public.telemetry_points (equipment_id, timestamp, vibration, temperature, acoustic, pressure, runtime_hours) values ('eq-106', '2026-03-14T04:00:00Z', 5, 81, 55, 109, 308);
insert into public.telemetry_points (equipment_id, timestamp, vibration, temperature, acoustic, pressure, runtime_hours) values ('eq-107', '2026-03-13T00:00:00Z', 4.1, 78, 56, 142, 420);
insert into public.telemetry_points (equipment_id, timestamp, vibration, temperature, acoustic, pressure, runtime_hours) values ('eq-107', '2026-03-13T04:00:00Z', 4.2, 79, 56, 141, 424);
insert into public.telemetry_points (equipment_id, timestamp, vibration, temperature, acoustic, pressure, runtime_hours) values ('eq-107', '2026-03-13T08:00:00Z', 4.4, 80, 57, 141, 428);
insert into public.telemetry_points (equipment_id, timestamp, vibration, temperature, acoustic, pressure, runtime_hours) values ('eq-107', '2026-03-13T12:00:00Z', 4.7, 82, 59, 140, 432);
insert into public.telemetry_points (equipment_id, timestamp, vibration, temperature, acoustic, pressure, runtime_hours) values ('eq-107', '2026-03-13T16:00:00Z', 4.9, 84, 60, 138, 436);
insert into public.telemetry_points (equipment_id, timestamp, vibration, temperature, acoustic, pressure, runtime_hours) values ('eq-107', '2026-03-13T20:00:00Z', 5.2, 86, 62, 136, 440);
insert into public.telemetry_points (equipment_id, timestamp, vibration, temperature, acoustic, pressure, runtime_hours) values ('eq-107', '2026-03-14T00:00:00Z', 5.5, 88, 65, 135, 444);
insert into public.telemetry_points (equipment_id, timestamp, vibration, temperature, acoustic, pressure, runtime_hours) values ('eq-107', '2026-03-14T04:00:00Z', 5.9, 90, 68, 133, 448);
insert into public.telemetry_points (equipment_id, timestamp, vibration, temperature, acoustic, pressure, runtime_hours) values ('eq-108', '2026-03-13T00:00:00Z', 1.6, 61, 36, 0, 220);
insert into public.telemetry_points (equipment_id, timestamp, vibration, temperature, acoustic, pressure, runtime_hours) values ('eq-108', '2026-03-13T04:00:00Z', 1.7, 61, 36, 0, 224);
insert into public.telemetry_points (equipment_id, timestamp, vibration, temperature, acoustic, pressure, runtime_hours) values ('eq-108', '2026-03-13T08:00:00Z', 1.7, 62, 37, 0, 228);
insert into public.telemetry_points (equipment_id, timestamp, vibration, temperature, acoustic, pressure, runtime_hours) values ('eq-108', '2026-03-13T12:00:00Z', 1.8, 63, 37, 0, 232);
insert into public.telemetry_points (equipment_id, timestamp, vibration, temperature, acoustic, pressure, runtime_hours) values ('eq-108', '2026-03-13T16:00:00Z', 1.8, 63, 38, 0, 236);
insert into public.telemetry_points (equipment_id, timestamp, vibration, temperature, acoustic, pressure, runtime_hours) values ('eq-108', '2026-03-13T20:00:00Z', 1.9, 64, 38, 0, 240);
insert into public.telemetry_points (equipment_id, timestamp, vibration, temperature, acoustic, pressure, runtime_hours) values ('eq-108', '2026-03-14T00:00:00Z', 2, 64, 39, 0, 244);
insert into public.telemetry_points (equipment_id, timestamp, vibration, temperature, acoustic, pressure, runtime_hours) values ('eq-108', '2026-03-14T04:00:00Z', 2.1, 65, 39, 0, 248);
insert into public.telemetry_points (equipment_id, timestamp, vibration, temperature, acoustic, pressure, runtime_hours) values ('eq-109', '2026-03-13T00:00:00Z', 1.5, 57, 39, 0, 160);
insert into public.telemetry_points (equipment_id, timestamp, vibration, temperature, acoustic, pressure, runtime_hours) values ('eq-109', '2026-03-13T04:00:00Z', 1.5, 58, 39, 0, 164);
insert into public.telemetry_points (equipment_id, timestamp, vibration, temperature, acoustic, pressure, runtime_hours) values ('eq-109', '2026-03-13T08:00:00Z', 1.6, 58, 40, 0, 168);
insert into public.telemetry_points (equipment_id, timestamp, vibration, temperature, acoustic, pressure, runtime_hours) values ('eq-109', '2026-03-13T12:00:00Z', 1.6, 58, 40, 0, 172);
insert into public.telemetry_points (equipment_id, timestamp, vibration, temperature, acoustic, pressure, runtime_hours) values ('eq-109', '2026-03-13T16:00:00Z', 1.7, 59, 40, 0, 176);
insert into public.telemetry_points (equipment_id, timestamp, vibration, temperature, acoustic, pressure, runtime_hours) values ('eq-109', '2026-03-13T20:00:00Z', 1.8, 60, 41, 0, 180);
insert into public.telemetry_points (equipment_id, timestamp, vibration, temperature, acoustic, pressure, runtime_hours) values ('eq-109', '2026-03-14T00:00:00Z', 1.8, 60, 42, 0, 184);
insert into public.telemetry_points (equipment_id, timestamp, vibration, temperature, acoustic, pressure, runtime_hours) values ('eq-109', '2026-03-14T04:00:00Z', 1.9, 61, 42, 0, 188);
insert into public.alerts (id, equipment_id, facility_id, severity, title, summary, status, recommended_action, created_at) values ('alt-1001', 'eq-107', 'fac-monterrey', 'Critical', 'Compressor vibration drift exceeds envelope', 'Bearing signature has accelerated for three consecutive windows and pressure efficiency is dropping.', 'Open', 'Dispatch reliability team within 12 hours and stage bearing kit BK-42.', '2026-03-14T02:15:00Z');
insert into public.alerts (id, equipment_id, facility_id, severity, title, summary, status, recommended_action, created_at) values ('alt-1002', 'eq-101', 'fac-austin', 'High', 'Servo press thermal rise', 'Temperature trend indicates lubrication degradation under higher throughput.', 'Escalated', 'Reduce cycle intensity by 8% and inspect lubrication circuit during next shift handoff.', '2026-03-14T01:10:00Z');
insert into public.alerts (id, equipment_id, facility_id, severity, title, summary, status, recommended_action, created_at) values ('alt-1003', 'eq-103', 'fac-pune', 'High', 'Heat tunnel efficiency loss', 'Thermal consistency is widening and acoustic readings suggest fan imbalance.', 'Open', 'Schedule a controlled inspection window and verify fan alignment.', '2026-03-13T23:50:00Z');
insert into public.alerts (id, equipment_id, facility_id, severity, title, summary, status, recommended_action, created_at) values ('alt-1004', 'eq-106', 'fac-monterrey', 'Medium', 'CNC spindle vibration elevated', 'Spindle vibration is above baseline but still below emergency threshold.', 'Acknowledged', 'Inspect spindle balance during the next planned downtime slot.', '2026-03-13T20:30:00Z');
insert into public.alerts (id, equipment_id, facility_id, severity, title, summary, status, recommended_action, created_at) values ('alt-1005', 'eq-104', 'fac-pune', 'Medium', 'Cartoner motor running warm', 'Motor housing temperature has trended upward during the evening run.', 'Open', 'Check belt tension and verify air flow near the motor enclosure.', '2026-03-13T19:40:00Z');
insert into public.work_orders (id, equipment_id, facility_id, source_alert_id, title, assignee, due_date, priority, status, notes, parts_required) values ('wo-3001', 'eq-101', 'fac-austin', 'alt-1002', 'Inspect press lubrication circuit', 'Lena Brooks', '2026-03-14', 'High', 'Scheduled', 'Verify pressure at manifold and replace filter if debris exceeds threshold.', '["Lubrication filter","Seal kit"]'::jsonb);
insert into public.work_orders (id, equipment_id, facility_id, source_alert_id, title, assignee, due_date, priority, status, notes, parts_required) values ('wo-3002', 'eq-106', 'fac-monterrey', 'alt-1004', 'CNC spindle balancing check', 'Marco Silva', '2026-03-15', 'Medium', 'Open', 'Capture balance readings before and after alignment correction.', '["Alignment shim set"]'::jsonb);
insert into public.work_orders (id, equipment_id, facility_id, source_alert_id, title, assignee, due_date, priority, status, notes, parts_required) values ('wo-3003', 'eq-103', 'fac-pune', null, 'Thermal tunnel inspection', 'Riya Menon', '2026-03-16', 'High', 'In Progress', 'Investigate exhaust fan imbalance and inspect thermal shield seams.', '["Fan blade set","Thermal gasket"]'::jsonb);
insert into public.inventory_items (id, facility_id, part_name, sku, on_hand, reorder_point, linked_equipment_ids, lead_time_days) values ('inv-1', 'fac-austin', 'Lubrication filter', 'LF-220', 6, 4, '["eq-101","eq-102"]'::jsonb, 5);
insert into public.inventory_items (id, facility_id, part_name, sku, on_hand, reorder_point, linked_equipment_ids, lead_time_days) values ('inv-2', 'fac-pune', 'Fan blade set', 'FB-118', 2, 3, '["eq-103"]'::jsonb, 9);
insert into public.inventory_items (id, facility_id, part_name, sku, on_hand, reorder_point, linked_equipment_ids, lead_time_days) values ('inv-3', 'fac-monterrey', 'Bearing kit BK-42', 'BK-42', 1, 2, '["eq-107"]'::jsonb, 12);
insert into public.inventory_items (id, facility_id, part_name, sku, on_hand, reorder_point, linked_equipment_ids, lead_time_days) values ('inv-4', 'fac-monterrey', 'Alignment shim set', 'AS-17', 8, 5, '["eq-106"]'::jsonb, 4);
insert into public.equipment_documents (id, equipment_id, title, category, updated_at) values ('doc-1', 'eq-101', 'Servo Press Lubrication Procedure', 'Procedure', '2026-02-01');
insert into public.equipment_documents (id, equipment_id, title, category, updated_at) values ('doc-2', 'eq-103', 'Heat Tunnel Operating Manual', 'Manual', '2025-11-19');
insert into public.equipment_documents (id, equipment_id, title, category, updated_at) values ('doc-3', 'eq-107', 'Compressor Bank B Maintenance History', 'History', '2026-03-02');
insert into public.equipment_documents (id, equipment_id, title, category, updated_at) values ('doc-4', 'eq-106', 'CNC Spindle Alignment Checklist', 'Procedure', '2026-01-23');
insert into public.sensor_configurations (id, facility_id, sensor_type, coverage, last_calibrated_at, gateway_status) values ('cfg-1', 'fac-austin', 'Tri-axis vibration pods', 92, '2026-02-26', 'Healthy');
insert into public.sensor_configurations (id, facility_id, sensor_type, coverage, last_calibrated_at, gateway_status) values ('cfg-2', 'fac-pune', 'Thermal and acoustic strips', 86, '2026-03-04', 'Needs Attention');
insert into public.sensor_configurations (id, facility_id, sensor_type, coverage, last_calibrated_at, gateway_status) values ('cfg-3', 'fac-monterrey', 'Pressure and vibration network', 89, '2026-02-19', 'Healthy');
-- Create auth.users row for maya@intellimaintain.demo separately, then seed profile using the generated auth.users.id UUID.
-- insert into public.profiles (id, email, name, role, facility_id, permissions) values ('<auth-user-uuid>', 'maya@intellimaintain.demo', 'Maya Patel', 'Maintenance Manager', 'fac-pune', '["dashboard:view","alerts:triage","workorders:create","reports:view"]'::jsonb);
-- Create auth.users row for lena@intellimaintain.demo separately, then seed profile using the generated auth.users.id UUID.
-- insert into public.profiles (id, email, name, role, facility_id, permissions) values ('<auth-user-uuid>', 'lena@intellimaintain.demo', 'Lena Brooks', 'Reliability Engineer', 'fac-austin', '["equipment:view","analytics:view","workorders:update"]'::jsonb);
-- Create auth.users row for diego@intellimaintain.demo separately, then seed profile using the generated auth.users.id UUID.
-- insert into public.profiles (id, email, name, role, facility_id, permissions) values ('<auth-user-uuid>', 'diego@intellimaintain.demo', 'Diego Lara', 'Plant Director', 'fac-monterrey', '["facilities:view","reports:view","inventory:view"]'::jsonb);
-- Create auth.users row for riya@intellimaintain.demo separately, then seed profile using the generated auth.users.id UUID.
-- insert into public.profiles (id, email, name, role, facility_id, permissions) values ('<auth-user-uuid>', 'riya@intellimaintain.demo', 'Riya Menon', 'Technician', 'fac-pune', '["workorders:update","documents:view","inventory:view"]'::jsonb);
